end_station_name,end_lat,end_lng,member_casual,count
2112 W Peterson Ave,41.9912,-87.6836,casual,114
2112 W Peterson Ave,41.9912,-87.6836,member,500
63rd St Beach,41.781,-87.5761,casual,688
63rd St Beach,41.781,-87.5761,member,489
900 W Harrison St,41.8748,-87.6498,casual,887
900 W Harrison St,41.8748,-87.6498,member,5826
Aberdeen St & Jackson Blvd,41.8777,-87.6548,casual,1245
Aberdeen St & Jackson Blvd,41.8777,-87.6548,member,10903
Aberdeen St & Monroe St,41.8804,-87.6555,casual,946
Aberdeen St & Monroe St,41.8804,-87.6555,member,8772
Aberdeen St & Randolph St,41.8841,-87.6543,casual,1467
Aberdeen St & Randolph St,41.8841,-87.6543,member,9144
Ada St & Washington Blvd,41.8828,-87.6612,casual,774
Ada St & Washington Blvd,41.8828,-87.6612,member,7279
Adler Planetarium,41.8661,-87.6073,casual,10718
Adler Planetarium,41.8661,-87.6073,member,4932
Albany Ave & 26th St,41.8445,-87.702,casual,78
Albany Ave & 26th St,41.8445,-87.702,member,135
Albany Ave & Bloomingdale Ave,41.914,-87.7051,casual,875
Albany Ave & Bloomingdale Ave,41.914,-87.7051,member,2982
Albany Ave & Montrose Ave,41.961,-87.7059,casual,241
Albany Ave & Montrose Ave,41.961,-87.7059,member,946
Archer (Damen) Ave & 37th St,41.8267,-87.6831,casual,136
Archer (Damen) Ave & 37th St,41.8267,-87.6831,member,393
Artesian Ave & Hubbard St,41.8895,-87.6882,casual,351
Artesian Ave & Hubbard St,41.8895,-87.6882,member,4090
Ashland Ave & 13th St,41.8652,-87.6665,casual,151
Ashland Ave & 13th St,41.8652,-87.6665,member,2331
Ashland Ave & 50th St,41.803,-87.6647,casual,68
Ashland Ave & 50th St,41.803,-87.6647,member,65
Ashland Ave & 63rd St,41.7794,-87.6648,casual,20
Ashland Ave & 63rd St,41.7794,-87.6648,member,67
Ashland Ave & 69th St,41.7687,-87.6641,casual,29
Ashland Ave & 69th St,41.7687,-87.6641,member,32
Ashland Ave & Archer Ave,41.8392,-87.6656,casual,154
Ashland Ave & Archer Ave,41.8392,-87.6656,member,382
Ashland Ave & Augusta Blvd,41.8996,-87.6677,casual,516
Ashland Ave & Augusta Blvd,41.8996,-87.6677,member,4603
Ashland Ave & Belle Plaine Ave,41.9561,-87.6688,casual,429
Ashland Ave & Belle Plaine Ave,41.9561,-87.6688,member,2310
Ashland Ave & Blackhawk St,41.9071,-87.6673,casual,1089
Ashland Ave & Blackhawk St,41.9071,-87.6673,member,5853
Ashland Ave & Chicago Ave,41.896,-87.6677,casual,873
Ashland Ave & Chicago Ave,41.896,-87.6677,member,4935
Ashland Ave & Division St,41.9035,-87.6677,casual,3289
Ashland Ave & Division St,41.9035,-87.6677,member,17107
Ashland Ave & Garfield Blvd,41.7928,-87.6644,casual,11
Ashland Ave & Garfield Blvd,41.7928,-87.6644,member,124
Ashland Ave & Grace St,41.9507,-87.6687,casual,772
Ashland Ave & Grace St,41.9507,-87.6687,member,3875
Ashland Ave & Grand Ave,41.8911,-87.6666,casual,545
Ashland Ave & Grand Ave,41.8911,-87.6666,member,4163
Ashland Ave & Lake St,41.8859,-87.6672,casual,443
Ashland Ave & Lake St,41.8859,-87.6672,member,3266
Ashland Ave & McDowell Ave,41.8089,-87.6645,casual,65
Ashland Ave & McDowell Ave,41.8089,-87.6645,member,512
Ashland Ave & Pershing Rd,41.8235,-87.6656,casual,58
Ashland Ave & Pershing Rd,41.8235,-87.6656,member,348
Ashland Ave & Wellington Ave,41.9361,-87.6698,casual,623
Ashland Ave & Wellington Ave,41.9361,-87.6698,member,3499
Ashland Ave & Wrightwood Ave,41.9288,-87.6685,casual,924
Ashland Ave & Wrightwood Ave,41.9288,-87.6685,member,4523
Austin Blvd & Chicago Ave,41.8949,-87.7747,casual,84
Austin Blvd & Chicago Ave,41.8949,-87.7747,member,109
Austin Blvd & Lake St,41.8879,-87.7744,casual,157
Austin Blvd & Lake St,41.8879,-87.7744,member,277
Austin Blvd & Madison St,41.8803,-87.7745,casual,80
Austin Blvd & Madison St,41.8803,-87.7745,member,58
Avers Ave & Belmont Ave,41.9394,-87.7236,casual,355
Avers Ave & Belmont Ave,41.9394,-87.7236,member,881
Avondale Ave & Irving Park Rd,41.9534,-87.732,casual,285
Avondale Ave & Irving Park Rd,41.9534,-87.732,member,1429
Bennett Ave & 79th St,41.7518,-87.5785,casual,12
Bennett Ave & 79th St,41.7518,-87.5785,member,32
Benson Ave & Church St,42.0482,-87.6835,casual,1249
Benson Ave & Church St,42.0482,-87.6835,member,4047
Bernard St & Elston Ave,41.9499,-87.7139,casual,105
Bernard St & Elston Ave,41.9499,-87.7139,member,573
Bissell St & Armitage Ave,41.9184,-87.6522,casual,2847
Bissell St & Armitage Ave,41.9184,-87.6522,member,13608
Blackstone Ave & Hyde Park Blvd,41.8026,-87.5904,casual,709
Blackstone Ave & Hyde Park Blvd,41.8026,-87.5904,member,2692
Blue Island Ave & 18th St,41.8576,-87.6615,casual,894
Blue Island Ave & 18th St,41.8576,-87.6615,member,5746
Bosworth Ave & Howard St,42.0195,-87.6696,casual,118
Bosworth Ave & Howard St,42.0195,-87.6696,member,338
Broadway & Argyle St,41.9738,-87.6597,casual,1169
Broadway & Argyle St,41.9738,-87.6597,member,4502
Broadway & Barry Ave,41.9377,-87.6441,casual,4354
Broadway & Barry Ave,41.9377,-87.6441,member,15054
Broadway & Belmont Ave,41.9401,-87.6455,casual,3179
Broadway & Belmont Ave,41.9401,-87.6455,member,8559
Broadway & Berwyn Ave,41.9784,-87.6598,casual,1137
Broadway & Berwyn Ave,41.9784,-87.6598,member,4655
Broadway & Cornelia Ave,41.9455,-87.6464,casual,3002
Broadway & Cornelia Ave,41.9455,-87.6464,member,9688
Broadway & Granville Ave,41.9948,-87.6603,casual,1581
Broadway & Granville Ave,41.9948,-87.6603,member,3116
Broadway & Ridge Ave,41.984,-87.6603,casual,930
Broadway & Ridge Ave,41.984,-87.6603,member,3632
Broadway & Sheridan Rd,41.9528,-87.65,casual,1541
Broadway & Sheridan Rd,41.9528,-87.65,member,6700
Broadway & Thorndale Ave,41.9897,-87.6601,casual,1331
Broadway & Thorndale Ave,41.9897,-87.6601,member,3518
Broadway & Waveland Ave,41.9491,-87.6486,casual,2043
Broadway & Waveland Ave,41.9491,-87.6486,member,9689
Broadway & Wilson Ave,41.9652,-87.6581,casual,1227
Broadway & Wilson Ave,41.9652,-87.6581,member,6814
Buckingham Fountain,41.8765,-87.6205,casual,2944
Buckingham Fountain,41.8765,-87.6205,member,2364
Budlong Woods Library,41.9837,-87.6964,casual,203
Budlong Woods Library,41.9837,-87.6964,member,310
Burling St (Halsted) & Diversey Pkwy (Temp),41.9331,-87.6478,casual,1507
Burling St (Halsted) & Diversey Pkwy (Temp),41.9331,-87.6478,member,8784
Burnham Harbor,41.8563,-87.6133,casual,4132
Burnham Harbor,41.8563,-87.6133,member,7321
California Ave & 21st St,41.8538,-87.6957,casual,198
California Ave & 21st St,41.8538,-87.6957,member,852
California Ave & 23rd Pl,41.8491,-87.6951,casual,69
California Ave & 23rd Pl,41.8491,-87.6951,member,800
California Ave & 26th St,41.844,-87.6953,casual,24
California Ave & 26th St,41.844,-87.6953,member,120
California Ave & Altgeld St,41.9267,-87.6977,casual,549
California Ave & Altgeld St,41.9267,-87.6977,member,2145
California Ave & Byron St,41.9522,-87.6981,casual,338
California Ave & Byron St,41.9522,-87.6981,member,917
California Ave & Cortez St,41.9004,-87.6967,casual,775
California Ave & Cortez St,41.9004,-87.6967,member,3565
California Ave & Division St,41.903,-87.6975,casual,781
California Ave & Division St,41.903,-87.6975,member,1572
California Ave & Fletcher St,41.9384,-87.698,casual,629
California Ave & Fletcher St,41.9384,-87.698,member,1678
California Ave & Francis Pl (Temp),41.9185,-87.6974,casual,101
California Ave & Francis Pl (Temp),41.9185,-87.6974,member,777
California Ave & Lake St,41.8845,-87.6963,casual,127
California Ave & Lake St,41.8845,-87.6963,member,678
California Ave & Milwaukee Ave,41.9227,-87.6972,casual,1875
California Ave & Milwaukee Ave,41.9227,-87.6972,member,7081
California Ave & Montrose Ave,41.9611,-87.6954,casual,484
California Ave & Montrose Ave,41.9611,-87.6954,member,1585
California Ave & North Ave,41.9104,-87.6972,casual,701
California Ave & North Ave,41.9104,-87.6972,member,2684
Calumet Ave & 18th St,41.8576,-87.6194,casual,2122
Calumet Ave & 18th St,41.8576,-87.6194,member,6236
Calumet Ave & 21st St,41.8542,-87.6192,casual,2068
Calumet Ave & 21st St,41.8542,-87.6192,member,2169
Calumet Ave & 33rd St,41.8349,-87.6179,casual,314
Calumet Ave & 33rd St,41.8349,-87.6179,member,2782
Calumet Ave & 35th St,41.8314,-87.618,casual,241
Calumet Ave & 35th St,41.8314,-87.618,member,861
Calumet Ave & 51st St,41.8023,-87.6181,casual,175
Calumet Ave & 51st St,41.8023,-87.6181,member,516
Campbell Ave & Fullerton Ave,41.9246,-87.6893,casual,552
Campbell Ave & Fullerton Ave,41.9246,-87.6893,member,2230
Campbell Ave & Montrose Ave,41.9615,-87.6912,casual,223
Campbell Ave & Montrose Ave,41.9615,-87.6912,member,2281
Campbell Ave & North Ave,41.9105,-87.6896,casual,741
Campbell Ave & North Ave,41.9105,-87.6896,member,3832
Canal St & Adams St,41.8793,-87.6399,casual,2867
Canal St & Adams St,41.8793,-87.6399,member,48792
Canal St & Harrison St,41.8743,-87.6396,casual,354
Canal St & Harrison St,41.8743,-87.6396,member,2715
Canal St & Jackson Blvd,41.8772,-87.6394,casual,1126
Canal St & Jackson Blvd,41.8772,-87.6394,member,8977
Canal St & Madison St,41.8821,-87.6398,casual,2308
Canal St & Madison St,41.8821,-87.6398,member,25089
Canal St & Monroe St,41.8817,-87.6395,casual,853
Canal St & Monroe St,41.8817,-87.6395,member,7780
Canal St & Taylor St,41.8703,-87.6395,casual,1141
Canal St & Taylor St,41.8703,-87.6395,member,6688
Cannon Dr & Fullerton Ave,41.9268,-87.6344,casual,3935
Cannon Dr & Fullerton Ave,41.9268,-87.6344,member,3024
Carpenter St & Huron St,41.8946,-87.6534,casual,737
Carpenter St & Huron St,41.8946,-87.6534,member,6407
Central Ave & Chicago Ave,41.895,-87.7649,casual,65
Central Ave & Chicago Ave,41.895,-87.7649,member,150
Central Ave & Harrison St,41.873,-87.7645,casual,64
Central Ave & Harrison St,41.873,-87.7645,member,28
Central Ave & Lake St,41.8877,-87.7655,casual,51
Central Ave & Lake St,41.8877,-87.7655,member,63
Central Ave & Madison St,41.8801,-87.7632,casual,48
Central Ave & Madison St,41.8801,-87.7632,member,79
Central Park Ave & 24th St,41.8481,-87.7151,casual,66
Central Park Ave & 24th St,41.8481,-87.7151,member,25
Central Park Ave & Bloomingdale Ave,41.9142,-87.7168,casual,1079
Central Park Ave & Bloomingdale Ave,41.9142,-87.7168,member,1073
Central Park Ave & Elbridge Ave,41.9353,-87.7169,casual,261
Central Park Ave & Elbridge Ave,41.9353,-87.7169,member,1262
Central Park Ave & North Ave,41.9097,-87.7166,casual,268
Central Park Ave & North Ave,41.9097,-87.7166,member,863
Central Park Ave & Ogden Ave,41.8542,-87.7154,casual,89
Central Park Ave & Ogden Ave,41.8542,-87.7154,member,134
Central Park Blvd & 5th Ave,41.8757,-87.7155,casual,46
Central Park Blvd & 5th Ave,41.8757,-87.7155,member,59
Central St & Girard Ave,42.0643,-87.6862,casual,267
Central St & Girard Ave,42.0643,-87.6862,member,771
Central St Metra,42.0636,-87.6987,casual,238
Central St Metra,42.0636,-87.6987,member,1355
Cherry Ave & Blackhawk St,41.9072,-87.6556,casual,111
Cherry Ave & Blackhawk St,41.9072,-87.6556,member,677
Chicago Ave & Dempster St,42.0417,-87.6807,casual,473
Chicago Ave & Dempster St,42.0417,-87.6807,member,1419
Chicago Ave & Sheridan Rd,42.0505,-87.6778,casual,815
Chicago Ave & Sheridan Rd,42.0505,-87.6778,member,1235
Chicago Ave & Washington St,42.0326,-87.6791,casual,603
Chicago Ave & Washington St,42.0326,-87.6791,member,2333
Christiana Ave & Lawrence Ave,41.9684,-87.7118,casual,316
Christiana Ave & Lawrence Ave,41.9684,-87.7118,member,1039
Cicero Ave & Flournoy St,41.8721,-87.7466,casual,12
Cicero Ave & Flournoy St,41.8721,-87.7466,member,13
Cicero Ave & Lake St,41.8868,-87.7453,casual,37
Cicero Ave & Lake St,41.8868,-87.7453,member,63
Cicero Ave & Quincy St,41.8776,-87.7454,casual,41
Cicero Ave & Quincy St,41.8776,-87.7454,member,18
Cityfront Plaza Dr & Pioneer Ct,41.8906,-87.6221,casual,3787
Cityfront Plaza Dr & Pioneer Ct,41.8906,-87.6221,member,9292
Claremont Ave & Hirsch St,41.9078,-87.6859,casual,335
Claremont Ave & Hirsch St,41.9078,-87.6859,member,2895
Clarendon Ave & Gordon Ter,41.9579,-87.6495,casual,1621
Clarendon Ave & Gordon Ter,41.9579,-87.6495,member,6240
Clarendon Ave & Junior Ter,41.961,-87.6496,casual,1615
Clarendon Ave & Junior Ter,41.961,-87.6496,member,4214
Clarendon Ave & Leland Ave,41.968,-87.65,casual,930
Clarendon Ave & Leland Ave,41.968,-87.65,member,2690
Clark St & 9th St (AMLI),41.8708,-87.6312,casual,649
Clark St & 9th St (AMLI),41.8708,-87.6312,member,3660
Clark St & Armitage Ave,41.9183,-87.6363,casual,7346
Clark St & Armitage Ave,41.9183,-87.6363,member,15428
Clark St & Berwyn Ave,41.978,-87.668,casual,1394
Clark St & Berwyn Ave,41.978,-87.668,member,6222
Clark St & Bryn Mawr Ave,41.9836,-87.6692,casual,764
Clark St & Bryn Mawr Ave,41.9836,-87.6692,member,3765
Clark St & Chicago Ave,41.8968,-87.6309,casual,1605
Clark St & Chicago Ave,41.8968,-87.6309,member,8148
Clark St & Columbia Ave,42.0045,-87.6724,casual,153
Clark St & Columbia Ave,42.0045,-87.6724,member,1266
Clark St & Drummond Pl,41.9312,-87.6443,casual,3399
Clark St & Drummond Pl,41.9312,-87.6443,member,12815
Clark St & Elm St,41.903,-87.6313,casual,4467
Clark St & Elm St,41.903,-87.6313,member,23419
Clark St & Elmdale Ave,41.9905,-87.6698,casual,394
Clark St & Elmdale Ave,41.9905,-87.6698,member,2055
Clark St & Grace St,41.9508,-87.6592,casual,2178
Clark St & Grace St,41.9508,-87.6592,member,5531
Clark St & Ida B Wells Dr,41.8759,-87.6306,casual,743
Clark St & Ida B Wells Dr,41.8759,-87.6306,member,10895
Clark St & Jarvis Ave,42.016,-87.675,casual,127
Clark St & Jarvis Ave,42.016,-87.675,member,557
Clark St & Lake St,41.886,-87.6309,casual,2656
Clark St & Lake St,41.886,-87.6309,member,12659
Clark St & Leland Ave,41.9671,-87.6674,casual,829
Clark St & Leland Ave,41.9671,-87.6674,member,4796
Clark St & Lincoln Ave,41.9157,-87.6346,casual,6890
Clark St & Lincoln Ave,41.9157,-87.6346,member,13273
Clark St & Lunt Ave,42.0091,-87.6742,casual,317
Clark St & Lunt Ave,42.0091,-87.6742,member,2840
Clark St & Montrose Ave,41.9616,-87.666,casual,667
Clark St & Montrose Ave,41.9616,-87.666,member,3649
Clark St & Newport St,41.9445,-87.6547,casual,3031
Clark St & Newport St,41.9445,-87.6547,member,6171
Clark St & North Ave,41.912,-87.6319,casual,3550
Clark St & North Ave,41.912,-87.6319,member,6251
Clark St & Randolph St,41.8846,-87.6319,casual,2066
Clark St & Randolph St,41.8846,-87.6319,member,13640
Clark St & Schiller St,41.908,-87.6315,casual,2180
Clark St & Schiller St,41.908,-87.6315,member,10273
Clark St & Schreiber Ave,41.9993,-87.6714,casual,286
Clark St & Schreiber Ave,41.9993,-87.6714,member,1264
Clark St & Touhy Ave,42.0126,-87.6744,casual,95
Clark St & Touhy Ave,42.0126,-87.6744,member,358
Clark St & Wellington Ave,41.9365,-87.6475,casual,2068
Clark St & Wellington Ave,41.9365,-87.6475,member,9741
Clark St & Winnemac Ave,41.9733,-87.6678,casual,1202
Clark St & Winnemac Ave,41.9733,-87.6678,member,6900
Clark St & Wrightwood Ave,41.9295,-87.6431,casual,3340
Clark St & Wrightwood Ave,41.9295,-87.6431,member,12657
Clifton Ave & Armitage Ave,41.9182,-87.6569,casual,1268
Clifton Ave & Armitage Ave,41.9182,-87.6569,member,6992
Clinton St & 18th St,41.858,-87.6408,casual,359
Clinton St & 18th St,41.858,-87.6408,member,2321
Clinton St & Jackson Blvd,41.8781,-87.6398,casual,1322
Clinton St & Jackson Blvd,41.8781,-87.6398,member,12764
Clinton St & Lake St,41.8856,-87.6418,casual,1765
Clinton St & Lake St,41.8856,-87.6418,member,21892
Clinton St & Madison St,41.8822,-87.6411,casual,3021
Clinton St & Madison St,41.8822,-87.6411,member,44236
Clinton St & Polk St,41.8715,-87.6409,casual,220
Clinton St & Polk St,41.8715,-87.6409,member,1196
Clinton St & Roosevelt Rd,41.8671,-87.6411,casual,1146
Clinton St & Roosevelt Rd,41.8671,-87.6411,member,5224
Clinton St & Tilden St,41.8759,-87.6408,casual,391
Clinton St & Tilden St,41.8759,-87.6408,member,6357
Clinton St & Washington Blvd,41.8834,-87.6412,casual,2518
Clinton St & Washington Blvd,41.8834,-87.6412,member,47596
Clybourn Ave & Division St,41.9046,-87.6406,casual,556
Clybourn Ave & Division St,41.9046,-87.6406,member,5492
Columbus Dr & Randolph St,41.8847,-87.6195,casual,4929
Columbus Dr & Randolph St,41.8847,-87.6195,member,19419
Commercial Ave & 83rd St,41.7446,-87.5512,casual,54
Commercial Ave & 83rd St,41.7446,-87.5512,member,29
Conservatory Dr & Lake St,41.8855,-87.7169,casual,297
Conservatory Dr & Lake St,41.8855,-87.7169,member,544
Cornell Ave & Hyde Park Blvd,41.8024,-87.5869,casual,1686
Cornell Ave & Hyde Park Blvd,41.8024,-87.5869,member,4332
Cornell Dr & Hayes Dr,41.7806,-87.5848,casual,119
Cornell Dr & Hayes Dr,41.7806,-87.5848,member,105
Cottage Grove Ave & 43rd St,41.8165,-87.6066,casual,130
Cottage Grove Ave & 43rd St,41.8165,-87.6066,member,702
Cottage Grove Ave & 47th St,41.8099,-87.6068,casual,249
Cottage Grove Ave & 47th St,41.8099,-87.6068,member,713
Cottage Grove Ave & 51st St,41.803,-87.6066,casual,218
Cottage Grove Ave & 51st St,41.803,-87.6066,member,670
Cottage Grove Ave & 63rd St,41.7806,-87.6061,casual,137
Cottage Grove Ave & 63rd St,41.7806,-87.6061,member,307
Cottage Grove Ave & 67th St,41.7737,-87.6056,casual,43
Cottage Grove Ave & 67th St,41.7737,-87.6056,member,92
Cottage Grove Ave & 71st St,41.7657,-87.605,casual,20
Cottage Grove Ave & 71st St,41.7657,-87.605,member,24
Cottage Grove Ave & 78th St,41.7532,-87.605,casual,25
Cottage Grove Ave & 78th St,41.7532,-87.605,member,44
Cottage Grove Ave & 83rd St,41.7434,-87.6048,casual,76
Cottage Grove Ave & 83rd St,41.7434,-87.6048,member,34
Cottage Grove Ave & Oakwood Blvd,41.823,-87.6071,casual,542
Cottage Grove Ave & Oakwood Blvd,41.823,-87.6071,member,402
Daley Center Plaza,41.8842,-87.6296,casual,2568
Daley Center Plaza,41.8842,-87.6296,member,30819
Damen Ave & 51st St,41.8009,-87.6747,casual,34
Damen Ave & 51st St,41.8009,-87.6747,member,28
Damen Ave & Charleston St,41.9201,-87.6779,casual,880
Damen Ave & Charleston St,41.9201,-87.6779,member,3430
Damen Ave & Chicago Ave,41.8958,-87.6772,casual,1471
Damen Ave & Chicago Ave,41.8958,-87.6772,member,8728
Damen Ave & Clybourn Ave,41.9319,-87.6779,casual,567
Damen Ave & Clybourn Ave,41.9319,-87.6779,member,3229
Damen Ave & Cortland St,41.916,-87.6773,casual,2190
Damen Ave & Cortland St,41.916,-87.6773,member,6957
Damen Ave & Coulter St,41.8492,-87.6756,casual,107
Damen Ave & Coulter St,41.8492,-87.6756,member,196
Damen Ave & Cullerton St,41.855,-87.6757,casual,594
Damen Ave & Cullerton St,41.855,-87.6757,member,1381
Damen Ave & Division St,41.9033,-87.6784,casual,1065
Damen Ave & Division St,41.9033,-87.6784,member,6969
Damen Ave & Foster Ave,41.9756,-87.6795,casual,648
Damen Ave & Foster Ave,41.9756,-87.6795,member,3125
Damen Ave & Grand Ave,41.8912,-87.6769,casual,660
Damen Ave & Grand Ave,41.8912,-87.6769,member,4136
Damen Ave & Leland Ave,41.9671,-87.679,casual,651
Damen Ave & Leland Ave,41.9671,-87.679,member,4745
Damen Ave & Madison St,41.8814,-87.6749,casual,712
Damen Ave & Madison St,41.8814,-87.6749,member,1274
Damen Ave & Melrose Ave,41.9406,-87.6785,casual,571
Damen Ave & Melrose Ave,41.9406,-87.6785,member,2035
Damen Ave & Pershing Rd,41.8232,-87.6766,casual,115
Damen Ave & Pershing Rd,41.8232,-87.6766,member,69
Damen Ave & Pierce Ave,41.9094,-87.6777,casual,4850
Damen Ave & Pierce Ave,41.9094,-87.6777,member,16458
Damen Ave & Sunnyside Ave,41.9633,-87.6793,casual,412
Damen Ave & Sunnyside Ave,41.9633,-87.6793,member,2190
Damen Ave & Thomas St (Augusta Blvd),41.9013,-87.6774,casual,757
Damen Ave & Thomas St (Augusta Blvd),41.9013,-87.6774,member,5311
Damen Ave & Walnut (Lake) St (*),41.886,-87.677,casual,324
Damen Ave & Walnut (Lake) St (*),41.886,-87.677,member,1889
Damen Ave & Wellington Ave,41.9359,-87.6784,casual,639
Damen Ave & Wellington Ave,41.9359,-87.6784,member,2973
Dayton St & North Ave,41.9106,-87.6494,casual,1608
Dayton St & North Ave,41.9106,-87.6494,member,8348
Dearborn Pkwy & Delaware Pl,41.899,-87.6299,casual,2916
Dearborn Pkwy & Delaware Pl,41.899,-87.6299,member,15047
Dearborn St & Adams St,41.8794,-87.6298,casual,1773
Dearborn St & Adams St,41.8794,-87.6298,member,9590
Dearborn St & Erie St,41.894,-87.6293,casual,4183
Dearborn St & Erie St,41.894,-87.6293,member,21079
Dearborn St & Monroe St,41.8813,-87.6295,casual,2360
Dearborn St & Monroe St,41.8813,-87.6295,member,16888
Dearborn St & Van Buren St,41.8763,-87.6292,casual,853
Dearborn St & Van Buren St,41.8763,-87.6292,member,3827
Delano Ct & Roosevelt Rd,41.8675,-87.6322,casual,1292
Delano Ct & Roosevelt Rd,41.8675,-87.6322,member,4654
Desplaines St & Jackson Blvd,41.8783,-87.6439,casual,1121
Desplaines St & Jackson Blvd,41.8783,-87.6439,member,12741
Desplaines St & Kinzie St,41.8887,-87.6444,casual,2167
Desplaines St & Kinzie St,41.8887,-87.6444,member,16989
Desplaines St & Randolph St,41.8846,-87.6446,casual,1410
Desplaines St & Randolph St,41.8846,-87.6446,member,9417
Dodge Ave & Church St,42.0483,-87.6982,casual,182
Dodge Ave & Church St,42.0483,-87.6982,member,676
Dodge Ave & Mulford St,42.0235,-87.6996,casual,128
Dodge Ave & Mulford St,42.0235,-87.6996,member,251
Dorchester Ave & 49th St,41.8058,-87.5925,casual,191
Dorchester Ave & 49th St,41.8058,-87.5925,member,626
Dorchester Ave & 63rd St,41.7804,-87.5914,casual,211
Dorchester Ave & 63rd St,41.7804,-87.5914,member,292
Drake Ave & Addison St,41.9473,-87.7176,casual,205
Drake Ave & Addison St,41.9473,-87.7176,member,1258
Drake Ave & Fullerton Ave,41.9244,-87.7154,casual,709
Drake Ave & Fullerton Ave,41.9244,-87.7154,member,1897
Drake Ave & Montrose Ave,41.9612,-87.7166,casual,255
Drake Ave & Montrose Ave,41.9612,-87.7166,member,844
DuSable Museum,41.7916,-87.6079,casual,146
DuSable Museum,41.7916,-87.6079,member,395
Dusable Harbor,41.887,-87.6128,casual,9644
Dusable Harbor,41.887,-87.6128,member,4951
Eastlake Ter & Rogers Ave,42.0209,-87.6651,casual,315
Eastlake Ter & Rogers Ave,42.0209,-87.6651,member,1771
Eberhart Ave & 61st St,41.7841,-87.6133,casual,98
Eberhart Ave & 61st St,41.7841,-87.6133,member,79
Eckhart Park,41.8964,-87.661,casual,999
Eckhart Park,41.8964,-87.661,member,5538
Elizabeth (May) St & Fulton St,41.8866,-87.658,casual,407
Elizabeth (May) St & Fulton St,41.8866,-87.658,member,3638
Elizabeth St & 47th St,41.8084,-87.6565,casual,23
Elizabeth St & 47th St,41.8084,-87.6565,member,77
Elizabeth St & 59th St,41.7867,-87.6559,casual,5
Elizabeth St & 59th St,41.7867,-87.6559,member,8
Ellis Ave & 53rd St,41.7993,-87.601,casual,510
Ellis Ave & 53rd St,41.7993,-87.601,member,3803
Ellis Ave & 55th St,41.7943,-87.6015,casual,1069
Ellis Ave & 55th St,41.7943,-87.6015,member,7760
Ellis Ave & 58th St,41.7887,-87.6013,casual,621
Ellis Ave & 58th St,41.7887,-87.6013,member,5078
Ellis Ave & 60th St,41.7851,-87.6011,casual,1129
Ellis Ave & 60th St,41.7851,-87.6011,member,6463
Elmwood Ave & Austin St,42.0258,-87.6841,casual,146
Elmwood Ave & Austin St,42.0258,-87.6841,member,791
Elston Ave & Wabansia Ave,41.9129,-87.6642,casual,464
Elston Ave & Wabansia Ave,41.9129,-87.6642,member,2299
Emerald Ave & 28th St,41.8436,-87.6454,casual,225
Emerald Ave & 28th St,41.8436,-87.6454,member,1927
Emerald Ave & 31st St,41.8382,-87.6451,casual,333
Emerald Ave & 31st St,41.8382,-87.6451,member,3280
Evans Ave & 75th St,41.7585,-87.6064,casual,19
Evans Ave & 75th St,41.7585,-87.6064,member,83
Evanston Civic Center,42.057,-87.6866,casual,140
Evanston Civic Center,42.057,-87.6866,member,331
Exchange Ave & 79th St,41.7517,-87.5528,casual,35
Exchange Ave & 79th St,41.7517,-87.5528,member,24
Fairbanks Ct & Grand Ave,41.8918,-87.6206,casual,5966
Fairbanks Ct & Grand Ave,41.8918,-87.6206,member,14967
Fairbanks St & Superior St,41.8957,-87.6201,casual,1028
Fairbanks St & Superior St,41.8957,-87.6201,member,3918
Fairfield Ave & Roosevelt Rd,41.8666,-87.6945,casual,133
Fairfield Ave & Roosevelt Rd,41.8666,-87.6945,member,242
Federal St & Polk St,41.8721,-87.6295,casual,1837
Federal St & Polk St,41.8721,-87.6295,member,10497
Field Blvd & South Water St,41.8863,-87.6175,casual,2406
Field Blvd & South Water St,41.8863,-87.6175,member,7923
Field Museum,41.8653,-87.6179,casual,5299
Field Museum,41.8653,-87.6179,member,2382
Financial Pl & Ida B Wells Dr,41.875,-87.6331,casual,670
Financial Pl & Ida B Wells Dr,41.875,-87.6331,member,4802
Fort Dearborn Dr & 31st St,41.8386,-87.6082,casual,4189
Fort Dearborn Dr & 31st St,41.8386,-87.6082,member,3584
Francisco Ave & Foster Ave,41.9756,-87.7014,casual,338
Francisco Ave & Foster Ave,41.9756,-87.7014,member,1176
Franklin St & Adams St (Temp),41.8794,-87.6355,casual,1290
Franklin St & Adams St (Temp),41.8794,-87.6355,member,5360
Franklin St & Chicago Ave,41.8967,-87.6357,casual,555
Franklin St & Chicago Ave,41.8967,-87.6357,member,7647
Franklin St & Illinois St,41.891,-87.6355,casual,671
Franklin St & Illinois St,41.891,-87.6355,member,4618
Franklin St & Jackson Blvd,41.8777,-87.6353,casual,3071
Franklin St & Jackson Blvd,41.8777,-87.6353,member,15745
Franklin St & Lake St,41.8858,-87.6355,casual,1743
Franklin St & Lake St,41.8858,-87.6355,member,12389
Franklin St & Monroe St,41.8803,-87.6352,casual,2863
Franklin St & Monroe St,41.8803,-87.6352,member,27637
Glenwood Ave & Morse Ave,42.008,-87.6655,casual,534
Glenwood Ave & Morse Ave,42.008,-87.6655,member,2474
Glenwood Ave & Touhy Ave,42.0127,-87.6661,casual,206
Glenwood Ave & Touhy Ave,42.0127,-87.6661,member,835
Green St & Madison St,41.8819,-87.6488,casual,2326
Green St & Madison St,41.8819,-87.6488,member,15295
Green St & Randolph St,41.8837,-87.6487,casual,3347
Green St & Randolph St,41.8837,-87.6487,member,12003
Greenview Ave & Diversey Pkwy,41.9326,-87.6659,casual,891
Greenview Ave & Diversey Pkwy,41.9326,-87.6659,member,3521
Greenview Ave & Fullerton Ave,41.9253,-87.6658,casual,1591
Greenview Ave & Fullerton Ave,41.9253,-87.6658,member,6271
Greenview Ave & Jarvis Ave,42.016,-87.6686,casual,320
Greenview Ave & Jarvis Ave,42.016,-87.6686,member,1522
Greenwood Ave & 47th St,41.8098,-87.5994,casual,338
Greenwood Ave & 47th St,41.8098,-87.5994,member,1098
Greenwood Ave & 79th St,41.7513,-87.5976,casual,30
Greenwood Ave & 79th St,41.7513,-87.5976,member,113
HQ QR,41.8899,-87.6803,casual,4
HQ QR,41.8899,-87.6803,member,1
HUBBARD ST BIKE CHECKING (LBS-WH-TEST),41.89,-87.6807,casual,111
HUBBARD ST BIKE CHECKING (LBS-WH-TEST),41.89,-87.6807,member,76
Halsted St & 18th St,41.8575,-87.6463,casual,419
Halsted St & 18th St,41.8575,-87.6463,member,2038
Halsted St & 21st St,41.8538,-87.6466,casual,368
Halsted St & 21st St,41.8538,-87.6466,member,1154
Halsted St & 35th St,41.8307,-87.6472,casual,221
Halsted St & 35th St,41.8307,-87.6472,member,718
Halsted St & 37th St,41.8271,-87.6457,casual,150
Halsted St & 37th St,41.8271,-87.6457,member,626
Halsted St & 47th Pl,41.8081,-87.6456,casual,16
Halsted St & 47th Pl,41.8081,-87.6456,member,225
Halsted St & 51st St,41.8018,-87.6452,casual,19
Halsted St & 51st St,41.8018,-87.6452,member,11
Halsted St & 56th St,41.7929,-87.645,casual,24
Halsted St & 56th St,41.7929,-87.645,member,48
Halsted St & 59th St,41.7875,-87.6449,casual,8
Halsted St & 59th St,41.7875,-87.6449,member,22
Halsted St & 63rd St,41.7794,-87.6446,casual,42
Halsted St & 63rd St,41.7794,-87.6446,member,125
Halsted St & 69th St,41.7691,-87.6446,casual,36
Halsted St & 69th St,41.7691,-87.6446,member,48
Halsted St & Archer Ave,41.8472,-87.6468,casual,288
Halsted St & Archer Ave,41.8472,-87.6468,member,1587
Halsted St & Clybourn Ave,41.9097,-87.6481,casual,1590
Halsted St & Clybourn Ave,41.9097,-87.6481,member,10367
Halsted St & Dickens Ave,41.9199,-87.6488,casual,2027
Halsted St & Dickens Ave,41.9199,-87.6488,member,9619
Halsted St & Maxwell St,41.8649,-87.6471,casual,1011
Halsted St & Maxwell St,41.8649,-87.6471,member,6103
Halsted St & North Branch St,41.8994,-87.6485,casual,158
Halsted St & North Branch St,41.8994,-87.6485,member,1500
Halsted St & Polk St,41.8718,-87.6466,casual,750
Halsted St & Polk St,41.8718,-87.6466,member,7339
Halsted St & Roosevelt Rd,41.8673,-87.6486,casual,667
Halsted St & Roosevelt Rd,41.8673,-87.6486,member,6265
Halsted St & Roscoe St,41.9437,-87.649,casual,2827
Halsted St & Roscoe St,41.9437,-87.649,member,8163
Halsted St & Willow St,41.9139,-87.6488,casual,1047
Halsted St & Willow St,41.9139,-87.6488,member,6414
Halsted St & Wrightwood Ave,41.9291,-87.6491,casual,1616
Halsted St & Wrightwood Ave,41.9291,-87.6491,member,8064
Harper Ave & 59th St,41.7879,-87.5883,casual,484
Harper Ave & 59th St,41.7879,-87.5883,member,2697
Hermitage Ave & Polk St,41.8715,-87.6699,casual,258
Hermitage Ave & Polk St,41.8715,-87.6699,member,4470
Honore St & Division St,41.9031,-87.6739,casual,1385
Honore St & Division St,41.9031,-87.6739,member,6917
Hoyne Ave & 47th St,41.8082,-87.6772,casual,52
Hoyne Ave & 47th St,41.8082,-87.6772,member,204
Hoyne Ave & Balmoral Ave,41.9799,-87.6819,casual,372
Hoyne Ave & Balmoral Ave,41.9799,-87.6819,member,1333
Humboldt Blvd & Armitage Ave,41.9175,-87.7018,casual,1173
Humboldt Blvd & Armitage Ave,41.9175,-87.7018,member,2816
Indiana Ave & 26th St,41.8457,-87.6225,casual,495
Indiana Ave & 26th St,41.8457,-87.6225,member,1874
Indiana Ave & 31st St,41.8388,-87.6219,casual,390
Indiana Ave & 31st St,41.8388,-87.6219,member,2603
Indiana Ave & 40th St,41.8217,-87.6216,casual,90
Indiana Ave & 40th St,41.8217,-87.6216,member,273
Indiana Ave & Roosevelt Rd,41.8679,-87.623,casual,7726
Indiana Ave & Roosevelt Rd,41.8679,-87.623,member,13453
Jefferson St & Monroe St,41.8804,-87.6427,casual,751
Jefferson St & Monroe St,41.8804,-87.6427,member,7860
Jeffery Blvd & 67th St,41.7735,-87.5771,casual,247
Jeffery Blvd & 67th St,41.7735,-87.5771,member,78
Jeffery Blvd & 71st St,41.7666,-87.5764,casual,103
Jeffery Blvd & 71st St,41.7666,-87.5764,member,162
Jeffery Blvd & 76th St,41.7571,-87.5758,casual,44
Jeffery Blvd & 76th St,41.7571,-87.5758,member,76
Karlov Ave & Madison St,41.8809,-87.7279,casual,53
Karlov Ave & Madison St,41.8809,-87.7279,member,86
Kedzie Ave & 21st St,41.8535,-87.7051,casual,91
Kedzie Ave & 21st St,41.8535,-87.7051,member,292
Kedzie Ave & 24th St,41.8482,-87.7054,casual,33
Kedzie Ave & 24th St,41.8482,-87.7054,member,71
Kedzie Ave & Bryn Mawr Ave,41.9824,-87.7089,casual,187
Kedzie Ave & Bryn Mawr Ave,41.9824,-87.7089,member,572
Kedzie Ave & Chicago Ave,41.8955,-87.7061,casual,228
Kedzie Ave & Chicago Ave,41.8955,-87.7061,member,656
Kedzie Ave & Foster Ave,41.9757,-87.7093,casual,177
Kedzie Ave & Foster Ave,41.9757,-87.7093,member,788
Kedzie Ave & Harrison St,41.8736,-87.7049,casual,51
Kedzie Ave & Harrison St,41.8736,-87.7049,member,139
Kedzie Ave & Lake St,41.8846,-87.7063,casual,159
Kedzie Ave & Lake St,41.8846,-87.7063,member,729
Kedzie Ave & Leland Ave,41.9667,-87.7081,casual,318
Kedzie Ave & Leland Ave,41.9667,-87.7081,member,1090
Kedzie Ave & Milwaukee Ave,41.9296,-87.7079,casual,2621
Kedzie Ave & Milwaukee Ave,41.9296,-87.7079,member,7521
Kedzie Ave & Palmer Ct,41.9215,-87.7073,casual,591
Kedzie Ave & Palmer Ct,41.9215,-87.7073,member,3257
Kedzie Ave & Roosevelt Rd,41.8665,-87.7065,casual,86
Kedzie Ave & Roosevelt Rd,41.8665,-87.7065,member,170
Kenton Ave & Madison St,41.8807,-87.741,casual,8
Kenton Ave & Madison St,41.8807,-87.741,member,26
Keystone Ave & Fullerton Ave,41.9246,-87.7279,casual,233
Keystone Ave & Fullerton Ave,41.9246,-87.7279,member,695
Keystone Ave & Montrose Ave,41.9611,-87.729,casual,169
Keystone Ave & Montrose Ave,41.9611,-87.729,member,476
Kilbourn Ave & Irving Park Rd,41.9537,-87.7406,casual,110
Kilbourn Ave & Irving Park Rd,41.9537,-87.7406,member,440
Kilbourn Ave & Milwaukee Ave,41.9488,-87.74,casual,171
Kilbourn Ave & Milwaukee Ave,41.9488,-87.74,member,594
Kildare Ave & Montrose Ave,41.9611,-87.7357,casual,120
Kildare Ave & Montrose Ave,41.9611,-87.7357,member,297
Kimball Ave & Belmont Ave,41.9394,-87.7116,casual,392
Kimball Ave & Belmont Ave,41.9394,-87.7116,member,1187
Kimbark Ave & 53rd St,41.7996,-87.5947,casual,1304
Kimbark Ave & 53rd St,41.7996,-87.5947,member,7566
Kingsbury St & Erie St,41.8938,-87.6417,casual,1463
Kingsbury St & Erie St,41.8938,-87.6417,member,15595
Kingsbury St & Kinzie St,41.8892,-87.6385,casual,2336
Kingsbury St & Kinzie St,41.8892,-87.6385,member,30370
Knox Ave & Montrose Ave,41.9606,-87.7454,casual,130
Knox Ave & Montrose Ave,41.9606,-87.7454,member,459
Kosciuszko Park,41.9306,-87.7238,casual,375
Kosciuszko Park,41.9306,-87.7238,member,1711
Kostner Ave & Adams St,41.8779,-87.7357,casual,16
Kostner Ave & Adams St,41.8779,-87.7357,member,94
Kostner Ave & Lake St,41.8859,-87.7354,casual,8
Kostner Ave & Lake St,41.8859,-87.7354,member,11
LaSalle Dr & Huron St,41.8949,-87.6323,casual,1685
LaSalle Dr & Huron St,41.8949,-87.6323,member,5562
LaSalle St & Adams St,41.8793,-87.632,casual,1115
LaSalle St & Adams St,41.8793,-87.632,member,5412
LaSalle St & Illinois St,41.8908,-87.6317,casual,4560
LaSalle St & Illinois St,41.8908,-87.6317,member,15679
LaSalle St & Jackson Blvd,41.8782,-87.6319,casual,1597
LaSalle St & Jackson Blvd,41.8782,-87.6319,member,21791
LaSalle St & Washington St,41.8827,-87.6325,casual,1167
LaSalle St & Washington St,41.8827,-87.6325,member,9438
Laflin St & Cullerton St,41.8549,-87.6636,casual,22
Laflin St & Cullerton St,41.8549,-87.6636,member,291
Lake Park Ave & 35th St,41.8313,-87.6088,casual,1269
Lake Park Ave & 35th St,41.8313,-87.6088,member,1424
Lake Park Ave & 47th St,41.8094,-87.5919,casual,825
Lake Park Ave & 47th St,41.8094,-87.5919,member,1413
Lake Park Ave & 53rd St,41.7995,-87.5865,casual,1511
Lake Park Ave & 53rd St,41.7995,-87.5865,member,2827
Lake Park Ave & 56th St,41.7932,-87.5878,casual,928
Lake Park Ave & 56th St,41.7932,-87.5878,member,4622
Lake Shore Dr & Belmont Ave,41.9408,-87.6392,casual,6026
Lake Shore Dr & Belmont Ave,41.9408,-87.6392,member,8140
Lake Shore Dr & Diversey Pkwy,41.9326,-87.6364,casual,4551
Lake Shore Dr & Diversey Pkwy,41.9326,-87.6364,member,8267
Lake Shore Dr & Monroe St,41.881,-87.6167,casual,31050
Lake Shore Dr & Monroe St,41.881,-87.6167,member,10283
Lake Shore Dr & North Blvd,41.9117,-87.6268,casual,23474
Lake Shore Dr & North Blvd,41.9117,-87.6268,member,19400
Lake Shore Dr & Ohio St,41.8926,-87.6145,casual,6930
Lake Shore Dr & Ohio St,41.8926,-87.6145,member,7941
Lake Shore Dr & Wellington Ave,41.9367,-87.6368,casual,4456
Lake Shore Dr & Wellington Ave,41.9367,-87.6368,member,8949
Lakefront Trail & Bryn Mawr Ave,41.984,-87.6523,casual,4527
Lakefront Trail & Bryn Mawr Ave,41.984,-87.6523,member,5781
Lakefront Trail & Wilson Ave,41.9658,-87.6454,casual,2710
Lakefront Trail & Wilson Ave,41.9658,-87.6454,member,3588
Lakeview Ave & Fullerton Pkwy,41.9259,-87.639,casual,5114
Lakeview Ave & Fullerton Pkwy,41.9259,-87.639,member,10305
Laramie Ave & Gladys Ave,41.8758,-87.7553,casual,16
Laramie Ave & Gladys Ave,41.8758,-87.7553,member,35
Laramie Ave & Kinzie St,41.8878,-87.7555,casual,22
Laramie Ave & Kinzie St,41.8878,-87.7555,member,51
Laramie Ave & Madison St,41.8802,-87.7553,casual,53
Laramie Ave & Madison St,41.8802,-87.7553,member,72
Larrabee St & Armitage Ave,41.9181,-87.6437,casual,1361
Larrabee St & Armitage Ave,41.9181,-87.6437,member,6080
Larrabee St & Division St,41.9035,-87.6434,casual,1202
Larrabee St & Division St,41.9035,-87.6434,member,8095
Larrabee St & Kingsbury St,41.8978,-87.6429,casual,1589
Larrabee St & Kingsbury St,41.8978,-87.6429,member,22006
Larrabee St & Menomonee St,41.9147,-87.6433,casual,573
Larrabee St & Menomonee St,41.9147,-87.6433,member,4474
Larrabee St & North Ave,41.9102,-87.6435,casual,567
Larrabee St & North Ave,41.9102,-87.6435,member,3457
Larrabee St & Oak St,41.9002,-87.643,casual,503
Larrabee St & Oak St,41.9002,-87.643,member,7908
Larrabee St & Webster Ave,41.9218,-87.6441,casual,2826
Larrabee St & Webster Ave,41.9218,-87.6441,member,10415
Latrobe Ave & Chicago Ave,41.8947,-87.7569,casual,40
Latrobe Ave & Chicago Ave,41.8947,-87.7569,member,71
Leavitt St & Addison St,41.9467,-87.6834,casual,366
Leavitt St & Addison St,41.9467,-87.6834,member,1409
Leavitt St & Archer Ave,41.8288,-87.6806,casual,205
Leavitt St & Archer Ave,41.8288,-87.6806,member,385
Leavitt St & Armitage Ave,41.9178,-87.6824,casual,724
Leavitt St & Armitage Ave,41.9178,-87.6824,member,3093
Leavitt St & Belmont Ave (*),41.9394,-87.6833,casual,422
Leavitt St & Belmont Ave (*),41.9394,-87.6833,member,1472
Leavitt St & Chicago Ave,41.8955,-87.682,casual,669
Leavitt St & Chicago Ave,41.8955,-87.682,member,3240
Leavitt St & Division St (*),41.903,-87.6838,casual,279
Leavitt St & Division St (*),41.903,-87.6838,member,2525
Leavitt St & Lawrence Ave,41.9689,-87.684,casual,307
Leavitt St & Lawrence Ave,41.9689,-87.684,member,2021
Leavitt St & North Ave,41.9102,-87.6823,casual,1048
Leavitt St & North Ave,41.9102,-87.6823,member,4102
Lincoln Ave & Addison St,41.9462,-87.6733,casual,433
Lincoln Ave & Addison St,41.9462,-87.6733,member,2260
Lincoln Ave & Belle Plaine Ave,41.956,-87.6803,casual,747
Lincoln Ave & Belle Plaine Ave,41.956,-87.6803,member,3799
Lincoln Ave & Belmont Ave,41.9394,-87.6684,casual,1190
Lincoln Ave & Belmont Ave,41.9394,-87.6684,member,5778
Lincoln Ave & Diversey Pkwy,41.9322,-87.6586,casual,1442
Lincoln Ave & Diversey Pkwy,41.9322,-87.6586,member,6431
Lincoln Ave & Fullerton Ave,41.9259,-87.6493,casual,2893
Lincoln Ave & Fullerton Ave,41.9259,-87.6493,member,11705
Lincoln Ave & Roscoe St,41.9433,-87.671,casual,1306
Lincoln Ave & Roscoe St,41.9433,-87.671,member,8280
Lincoln Ave & Sunnyside Ave,41.963,-87.6848,casual,637
Lincoln Ave & Sunnyside Ave,41.963,-87.6848,member,4109
Lincoln Ave & Waveland Ave,41.9488,-87.6753,casual,507
Lincoln Ave & Waveland Ave,41.9488,-87.6753,member,3963
Lincoln Ave & Winona St,41.9749,-87.6925,casual,362
Lincoln Ave & Winona St,41.9749,-87.6925,member,1417
Lincoln Park Conservatory,41.9239,-87.6358,casual,2153
Lincoln Park Conservatory,41.9239,-87.6358,member,1971
Lincolnwood Dr & Central St,42.0649,-87.7153,casual,174
Lincolnwood Dr & Central St,42.0649,-87.7153,member,728
Logan Blvd & Elston Ave,41.9295,-87.6842,casual,823
Logan Blvd & Elston Ave,41.9295,-87.6842,member,3657
Loomis St & Archer Ave,41.8416,-87.6574,casual,158
Loomis St & Archer Ave,41.8416,-87.6574,member,1189
Loomis St & Jackson Blvd,41.8779,-87.662,casual,509
Loomis St & Jackson Blvd,41.8779,-87.662,member,3684
Loomis St & Lexington St,41.8722,-87.6615,casual,908
Loomis St & Lexington St,41.8722,-87.6615,member,12703
MLK Jr Dr & 29th St,41.8421,-87.617,casual,708
MLK Jr Dr & 29th St,41.8421,-87.617,member,6745
MLK Jr Dr & 47th St,41.8099,-87.6163,casual,156
MLK Jr Dr & 47th St,41.8099,-87.6163,member,251
MLK Jr Dr & 56th St,41.7934,-87.6159,casual,46
MLK Jr Dr & 56th St,41.7934,-87.6159,member,63
MLK Jr Dr & 63rd St,41.7801,-87.6159,casual,38
MLK Jr Dr & 63rd St,41.7801,-87.6159,member,97
MLK Jr Dr & 83rd St,41.7431,-87.6148,casual,52
MLK Jr Dr & 83rd St,41.7431,-87.6148,member,125
MLK Jr Dr & Pershing Rd,41.8246,-87.6168,casual,206
MLK Jr Dr & Pershing Rd,41.8246,-87.6168,member,881
MTL-ECO5.1-01,41.9171,-87.7482,casual,1
MTL-ECO5.1-01,41.9171,-87.7482,member,3
Malcolm X College,41.8776,-87.6739,casual,280
Malcolm X College,41.8776,-87.6739,member,1094
Manor Ave & Leland Ave,41.9659,-87.7008,casual,169
Manor Ave & Leland Ave,41.9659,-87.7008,member,1117
Maplewood Ave & Peterson Ave,41.9902,-87.6934,casual,135
Maplewood Ave & Peterson Ave,41.9902,-87.6934,member,280
Marine Dr & Ainslie St,41.9716,-87.6502,casual,1978
Marine Dr & Ainslie St,41.9716,-87.6502,member,3422
Marshfield Ave & 44th St,41.814,-87.6666,casual,52
Marshfield Ave & 44th St,41.814,-87.6666,member,59
Marshfield Ave & 59th St,41.7868,-87.6662,casual,11
Marshfield Ave & 59th St,41.7868,-87.6662,member,27
Marshfield Ave & Cortland St,41.916,-87.6689,casual,1806
Marshfield Ave & Cortland St,41.916,-87.6689,member,12268
May St & 69th St,41.7689,-87.6529,casual,11
May St & 69th St,41.7689,-87.6529,member,8
May St & Cullerton St,41.8551,-87.6541,casual,319
May St & Cullerton St,41.8551,-87.6541,member,1579
May St & Taylor St,41.8695,-87.6555,casual,1177
May St & Taylor St,41.8695,-87.6555,member,6494
McClurg Ct & Erie St,41.8945,-87.6179,casual,2717
McClurg Ct & Erie St,41.8945,-87.6179,member,12514
McClurg Ct & Illinois St,41.8904,-87.6175,casual,6277
McClurg Ct & Illinois St,41.8904,-87.6175,member,13891
McCormick Place,41.8514,-87.6188,casual,3497
McCormick Place,41.8514,-87.6188,member,1838
Michigan Ave & 14th St,41.8641,-87.6237,casual,1655
Michigan Ave & 14th St,41.8641,-87.6237,member,7634
Michigan Ave & 18th St,41.8578,-87.6246,casual,1537
Michigan Ave & 18th St,41.8578,-87.6246,member,8493
Michigan Ave & 8th St,41.8728,-87.624,casual,9577
Michigan Ave & 8th St,41.8728,-87.624,member,4330
Michigan Ave & Ida B Wells Dr,41.8762,-87.6244,casual,4066
Michigan Ave & Ida B Wells Dr,41.8762,-87.6244,member,3820
Michigan Ave & Jackson Blvd,41.8779,-87.6241,casual,6835
Michigan Ave & Jackson Blvd,41.8779,-87.6241,member,8520
Michigan Ave & Lake St,41.886,-87.6241,casual,6075
Michigan Ave & Lake St,41.886,-87.6241,member,16679
Michigan Ave & Madison St,41.8821,-87.6251,casual,2724
Michigan Ave & Madison St,41.8821,-87.6251,member,8615
Michigan Ave & Oak St,41.901,-87.6238,casual,23980
Michigan Ave & Oak St,41.901,-87.6238,member,14384
Michigan Ave & Pearson St,41.8977,-87.6235,casual,5076
Michigan Ave & Pearson St,41.8977,-87.6235,member,5713
Michigan Ave & Washington St,41.884,-87.6247,casual,12541
Michigan Ave & Washington St,41.884,-87.6247,member,27591
Mies van der Rohe Way & Chestnut St,41.8986,-87.6219,casual,4293
Mies van der Rohe Way & Chestnut St,41.8986,-87.6219,member,9211
Mies van der Rohe Way & Chicago Ave,41.8969,-87.6217,casual,3690
Mies van der Rohe Way & Chicago Ave,41.8969,-87.6217,member,8831
Millard Ave & 26th St,41.8446,-87.7159,casual,76
Millard Ave & 26th St,41.8446,-87.7159,member,153
Millennium Park,41.881,-87.6241,casual,25507
Millennium Park,41.881,-87.6241,member,12549
Milwaukee Ave & Cuyler Ave,41.9545,-87.7496,casual,137
Milwaukee Ave & Cuyler Ave,41.9545,-87.7496,member,425
Milwaukee Ave & Grand Ave,41.8916,-87.6484,casual,1673
Milwaukee Ave & Grand Ave,41.8916,-87.6484,member,12726
Milwaukee Ave & Rockwell St,41.9202,-87.693,casual,634
Milwaukee Ave & Rockwell St,41.9202,-87.693,member,2824
Milwaukee Ave & Wabansia Ave,41.9126,-87.6814,casual,2085
Milwaukee Ave & Wabansia Ave,41.9126,-87.6814,member,8347
Monticello Ave & Irving Park Rd,41.954,-87.7191,casual,259
Monticello Ave & Irving Park Rd,41.954,-87.7191,member,815
Montrose Harbor,41.964,-87.6382,casual,7899
Montrose Harbor,41.964,-87.6382,member,5657
Morgan Ave & 14th Pl,41.8624,-87.6511,casual,414
Morgan Ave & 14th Pl,41.8624,-87.6511,member,3940
Morgan St & 18th St,41.8581,-87.6511,casual,932
Morgan St & 18th St,41.8581,-87.6511,member,3569
Morgan St & 31st St,41.8378,-87.6511,casual,404
Morgan St & 31st St,41.8378,-87.6511,member,1512
Morgan St & Lake St,41.8855,-87.6523,casual,2972
Morgan St & Lake St,41.8855,-87.6523,member,17030
Morgan St & Pershing Rd,41.8236,-87.6509,casual,16
Morgan St & Pershing Rd,41.8236,-87.6509,member,106
Morgan St & Polk St,41.8717,-87.651,casual,909
Morgan St & Polk St,41.8717,-87.651,member,12352
Museum of Science and Industry,41.7917,-87.5839,casual,2587
Museum of Science and Industry,41.7917,-87.5839,member,1017
Noble St & Milwaukee Ave,41.9007,-87.6626,casual,1007
Noble St & Milwaukee Ave,41.9007,-87.6626,member,5282
Normal Ave & Archer Ave,41.8495,-87.6406,casual,200
Normal Ave & Archer Ave,41.8495,-87.6406,member,990
Oakley Ave & Irving Park Rd,41.9543,-87.6861,casual,392
Oakley Ave & Irving Park Rd,41.9543,-87.6861,member,1667
Oakley Ave & Touhy Ave,42.0123,-87.6882,casual,166
Oakley Ave & Touhy Ave,42.0123,-87.6882,member,317
Ogden Ave & Chicago Ave,41.8964,-87.6541,casual,1397
Ogden Ave & Chicago Ave,41.8964,-87.6541,member,8683
Ogden Ave & Congress Pkwy,41.875,-87.6733,casual,60
Ogden Ave & Congress Pkwy,41.875,-87.6733,member,1234
Ogden Ave & Race Ave,41.8918,-87.6588,casual,945
Ogden Ave & Race Ave,41.8918,-87.6588,member,7574
Ogden Ave & Roosevelt Rd,41.8665,-87.6847,casual,171
Ogden Ave & Roosevelt Rd,41.8665,-87.6847,member,1407
Orleans St & Chestnut St (NEXT Apts),41.8982,-87.6375,casual,1075
Orleans St & Chestnut St (NEXT Apts),41.8982,-87.6375,member,6541
Orleans St & Elm St,41.9029,-87.6377,casual,415
Orleans St & Elm St,41.9029,-87.6377,member,2611
Orleans St & Hubbard St,41.89,-87.6366,casual,582
Orleans St & Hubbard St,41.89,-87.6366,member,5230
Orleans St & Merchandise Mart Plaza,41.8882,-87.6364,casual,1695
Orleans St & Merchandise Mart Plaza,41.8882,-87.6364,member,18843
Paulina Ave & North Ave,41.9103,-87.6701,casual,1309
Paulina Ave & North Ave,41.9103,-87.6701,member,5481
Paulina St & 18th St,41.8579,-87.6687,casual,677
Paulina St & 18th St,41.8579,-87.6687,member,3138
Paulina St & Flournoy St,41.873,-87.6691,casual,378
Paulina St & Flournoy St,41.873,-87.6691,member,5032
Paulina St & Howard St,42.0192,-87.6736,casual,341
Paulina St & Howard St,42.0192,-87.6736,member,2353
Paulina St & Montrose Ave,41.9615,-87.6714,casual,425
Paulina St & Montrose Ave,41.9615,-87.6714,member,2135
Peoria St & Jackson Blvd,41.8776,-87.6496,casual,1500
Peoria St & Jackson Blvd,41.8776,-87.6496,member,11645
Perry Ave & 69th St,41.7693,-87.6282,casual,29
Perry Ave & 69th St,41.7693,-87.6282,member,72
Phillips Ave & 79th St,41.7518,-87.5652,casual,34
Phillips Ave & 79th St,41.7518,-87.5652,member,28
Phillips Ave & 83rd St,41.7445,-87.5651,casual,20
Phillips Ave & 83rd St,41.7445,-87.5651,member,62
Pine Grove Ave & Irving Park Rd,41.9544,-87.648,casual,2414
Pine Grove Ave & Irving Park Rd,41.9544,-87.648,member,6961
Pine Grove Ave & Waveland Ave,41.9493,-87.6463,casual,3140
Pine Grove Ave & Waveland Ave,41.9493,-87.6463,member,9406
Prairie Ave & 43rd St,41.8167,-87.6194,casual,313
Prairie Ave & 43rd St,41.8167,-87.6194,member,419
Prairie Ave & Garfield Blvd,41.7949,-87.6187,casual,225
Prairie Ave & Garfield Blvd,41.7949,-87.6187,member,1078
Princeton Ave & 47th St,41.8093,-87.6334,casual,35
Princeton Ave & 47th St,41.8093,-87.6334,member,169
Princeton Ave & Garfield Blvd,41.795,-87.6331,casual,65
Princeton Ave & Garfield Blvd,41.795,-87.6331,member,440
Pulaski Rd & Congress Pkwy,41.8743,-87.7257,casual,43
Pulaski Rd & Congress Pkwy,41.8743,-87.7257,member,100
Pulaski Rd & Eddy St (Temp),41.9463,-87.731,casual,170
Pulaski Rd & Eddy St (Temp),41.9463,-87.731,member,587
Pulaski Rd & Lake St,41.8854,-87.7265,casual,26
Pulaski Rd & Lake St,41.8854,-87.7265,member,92
Racine Ave & 13th St,41.8651,-87.657,casual,190
Racine Ave & 13th St,41.8651,-87.657,member,900
Racine Ave & 15th St,41.8613,-87.6566,casual,333
Racine Ave & 15th St,41.8613,-87.6566,member,1601
Racine Ave & 18th St,41.8582,-87.6565,casual,1003
Racine Ave & 18th St,41.8582,-87.6565,member,4090
Racine Ave & 35th St,41.8307,-87.656,casual,152
Racine Ave & 35th St,41.8307,-87.656,member,747
Racine Ave & Belmont Ave,41.9397,-87.6589,casual,1833
Racine Ave & Belmont Ave,41.9397,-87.6589,member,5909
Racine Ave & Congress Pkwy,41.8746,-87.657,casual,441
Racine Ave & Congress Pkwy,41.8746,-87.657,member,5738
Racine Ave & Fullerton Ave,41.9256,-87.6584,casual,1276
Racine Ave & Fullerton Ave,41.9256,-87.6584,member,8440
Racine Ave & Garfield Blvd,41.7942,-87.6551,casual,55
Racine Ave & Garfield Blvd,41.7942,-87.6551,member,272
Racine Ave & Randolph St,41.8841,-87.6569,casual,632
Racine Ave & Randolph St,41.8841,-87.6569,member,5445
Racine Ave & Washington Blvd (*),41.8831,-87.657,casual,511
Racine Ave & Washington Blvd (*),41.8831,-87.657,member,3871
Racine Ave & Wrightwood Ave,41.9289,-87.659,casual,947
Racine Ave & Wrightwood Ave,41.9289,-87.659,member,4439
Rainbow Beach,41.7579,-87.5494,casual,74
Rainbow Beach,41.7579,-87.5494,member,78
Ravenswood Ave & Berteau Ave,41.9579,-87.6736,casual,355
Ravenswood Ave & Berteau Ave,41.9579,-87.6736,member,2508
Ravenswood Ave & Irving Park Rd,41.9547,-87.6739,casual,636
Ravenswood Ave & Irving Park Rd,41.9547,-87.6739,member,4140
Ravenswood Ave & Lawrence Ave,41.9691,-87.6742,casual,1337
Ravenswood Ave & Lawrence Ave,41.9691,-87.6742,member,13603
Rhodes Ave & 32nd St,41.8362,-87.6135,casual,441
Rhodes Ave & 32nd St,41.8362,-87.6135,member,1474
Richmond St & Diversey Ave,41.9319,-87.7012,casual,551
Richmond St & Diversey Ave,41.9319,-87.7012,member,1841
Ridge Blvd & Howard St,42.0193,-87.6845,casual,110
Ridge Blvd & Howard St,42.0193,-87.6845,member,346
Ridge Blvd & Touhy Ave,42.0121,-87.6829,casual,186
Ridge Blvd & Touhy Ave,42.0121,-87.6829,member,611
Ritchie Ct & Banks St,41.9069,-87.6262,casual,2192
Ritchie Ct & Banks St,41.9069,-87.6262,member,6074
Rockwell St & Eastwood Ave,41.9659,-87.6936,casual,276
Rockwell St & Eastwood Ave,41.9659,-87.6936,member,1842
Rush St & Cedar St,41.9023,-87.6277,casual,3903
Rush St & Cedar St,41.9023,-87.6277,member,9281
Rush St & Hubbard St,41.8902,-87.6262,casual,1852
Rush St & Hubbard St,41.8902,-87.6262,member,11161
Rush St & Superior St,41.8958,-87.6259,casual,3032
Rush St & Superior St,41.8958,-87.6259,member,11060
Sacramento Blvd & Franklin Blvd,41.8905,-87.7026,casual,26
Sacramento Blvd & Franklin Blvd,41.8905,-87.7026,member,545
Sangamon St & Washington Blvd,41.8832,-87.6511,casual,798
Sangamon St & Washington Blvd,41.8832,-87.6511,member,4952
Sawyer Ave & Irving Park Rd,41.9536,-87.7093,casual,260
Sawyer Ave & Irving Park Rd,41.9536,-87.7093,member,781
Sedgwick St & Huron St,41.8947,-87.6384,casual,1172
Sedgwick St & Huron St,41.8947,-87.6384,member,12692
Sedgwick St & North Ave,41.9114,-87.6387,casual,2225
Sedgwick St & North Ave,41.9114,-87.6387,member,11468
Sedgwick St & Schiller St,41.9076,-87.6386,casual,638
Sedgwick St & Schiller St,41.9076,-87.6386,member,3267
Sedgwick St & Webster Ave,41.9222,-87.6389,casual,2599
Sedgwick St & Webster Ave,41.9222,-87.6389,member,9405
Seeley Ave & Garfield Blvd,41.7941,-87.6755,casual,17
Seeley Ave & Garfield Blvd,41.7941,-87.6755,member,11
Seeley Ave & Roscoe St,41.9434,-87.6796,casual,734
Seeley Ave & Roscoe St,41.9434,-87.6796,member,3026
Shedd Aquarium,41.8672,-87.6154,casual,16653
Shedd Aquarium,41.8672,-87.6154,member,5729
Sheffield Ave & Fullerton Ave,41.9256,-87.6537,casual,2769
Sheffield Ave & Fullerton Ave,41.9256,-87.6537,member,14863
Sheffield Ave & Kingsbury St,41.9105,-87.6531,casual,1615
Sheffield Ave & Kingsbury St,41.9105,-87.6531,member,11140
Sheffield Ave & Waveland Ave,41.9494,-87.6545,casual,5665
Sheffield Ave & Waveland Ave,41.9494,-87.6545,member,9618
Sheffield Ave & Webster Ave,41.9215,-87.6538,casual,2121
Sheffield Ave & Webster Ave,41.9215,-87.6538,member,10107
Sheffield Ave & Wellington Ave,41.9363,-87.6527,casual,2276
Sheffield Ave & Wellington Ave,41.9363,-87.6527,member,11312
Sheffield Ave & Willow St,41.9137,-87.6529,casual,1249
Sheffield Ave & Willow St,41.9137,-87.6529,member,8368
Sheffield Ave & Wrightwood Ave,41.9287,-87.6538,casual,1777
Sheffield Ave & Wrightwood Ave,41.9287,-87.6538,member,7138
Sheridan Rd & Buena Ave,41.9585,-87.655,casual,799
Sheridan Rd & Buena Ave,41.9585,-87.655,member,3770
Sheridan Rd & Columbia Ave,42.0046,-87.6614,casual,477
Sheridan Rd & Columbia Ave,42.0046,-87.6614,member,1462
Sheridan Rd & Greenleaf Ave,42.0106,-87.6624,casual,483
Sheridan Rd & Greenleaf Ave,42.0106,-87.6624,member,1086
Sheridan Rd & Irving Park Rd,41.9542,-87.6544,casual,1724
Sheridan Rd & Irving Park Rd,41.9542,-87.6544,member,10791
Sheridan Rd & Lawrence Ave,41.9695,-87.6547,casual,932
Sheridan Rd & Lawrence Ave,41.9695,-87.6547,member,2803
Sheridan Rd & Loyola Ave,42.001,-87.6612,casual,1238
Sheridan Rd & Loyola Ave,42.001,-87.6612,member,2789
Sheridan Rd & Montrose Ave,41.9617,-87.6546,casual,1589
Sheridan Rd & Montrose Ave,41.9617,-87.6546,member,6739
Sheridan Rd & Noyes St (NU),42.0582,-87.6774,casual,630
Sheridan Rd & Noyes St (NU),42.0582,-87.6774,member,2529
Shields Ave & 28th Pl,41.8427,-87.6355,casual,141
Shields Ave & 28th Pl,41.8427,-87.6355,member,862
Shields Ave & 31st St,41.8385,-87.6354,casual,215
Shields Ave & 31st St,41.8385,-87.6354,member,1738
Shields Ave & 43rd St,41.8162,-87.6348,casual,19
Shields Ave & 43rd St,41.8162,-87.6348,member,17
Shore Dr & 55th St,41.7952,-87.5807,casual,2731
Shore Dr & 55th St,41.7952,-87.5807,member,4820
Smith Park (*),41.892,-87.6894,casual,298
Smith Park (*),41.892,-87.6894,member,919
South Chicago Ave & 83rd St,41.7439,-87.5752,casual,21
South Chicago Ave & 83rd St,41.7439,-87.5752,member,9
South Shore Dr & 67th St,41.7736,-87.5675,casual,394
South Shore Dr & 67th St,41.7736,-87.5675,member,314
South Shore Dr & 71st St,41.7664,-87.5657,casual,373
South Shore Dr & 71st St,41.7664,-87.5657,member,569
South Shore Dr & 74th St,41.7622,-87.5593,casual,115
South Shore Dr & 74th St,41.7622,-87.5593,member,192
Southport Ave & Belmont Ave,41.9395,-87.6638,casual,997
Southport Ave & Belmont Ave,41.9395,-87.6638,member,5029
Southport Ave & Clark St,41.9571,-87.6642,casual,303
Southport Ave & Clark St,41.9571,-87.6642,member,2346
Southport Ave & Clybourn Ave,41.9208,-87.6637,casual,1694
Southport Ave & Clybourn Ave,41.9208,-87.6637,member,7247
Southport Ave & Irving Park Rd,41.9542,-87.6644,casual,884
Southport Ave & Irving Park Rd,41.9542,-87.6644,member,4616
Southport Ave & Roscoe St,41.9437,-87.664,casual,2702
Southport Ave & Roscoe St,41.9437,-87.664,member,11441
Southport Ave & Waveland Ave,41.9482,-87.6639,casual,2208
Southport Ave & Waveland Ave,41.9482,-87.6639,member,9554
Southport Ave & Wellington Ave,41.9357,-87.6636,casual,1627
Southport Ave & Wellington Ave,41.9357,-87.6636,member,8266
Southport Ave & Wrightwood Ave,41.9288,-87.6639,casual,1194
Southport Ave & Wrightwood Ave,41.9288,-87.6639,member,5713
Spaulding Ave & Armitage Ave,41.9171,-87.7102,casual,814
Spaulding Ave & Armitage Ave,41.9171,-87.7102,member,2830
Spaulding Ave & Division St,41.9027,-87.7092,casual,260
Spaulding Ave & Division St,41.9027,-87.7092,member,677
St. Clair St & Erie St,41.8944,-87.6227,casual,5100
St. Clair St & Erie St,41.8944,-87.6227,member,20683
St. Louis Ave & Balmoral Ave,41.9804,-87.7161,casual,174
St. Louis Ave & Balmoral Ave,41.9804,-87.7161,member,549
State St & 19th St,41.8566,-87.6275,casual,692
State St & 19th St,41.8566,-87.6275,member,2198
State St & 29th St,41.8417,-87.6269,casual,177
State St & 29th St,41.8417,-87.6269,member,502
State St & 33rd St,41.8347,-87.6258,casual,605
State St & 33rd St,41.8347,-87.6258,member,6051
State St & 35th St,41.8309,-87.628,casual,350
State St & 35th St,41.8309,-87.628,member,2493
State St & 54th St,41.7966,-87.6259,casual,34
State St & 54th St,41.7966,-87.6259,member,49
State St & 76th St,41.757,-87.6246,casual,31
State St & 76th St,41.757,-87.6246,member,24
State St & 79th St,41.7508,-87.6244,casual,42
State St & 79th St,41.7508,-87.6244,member,159
State St & Harrison St,41.8741,-87.6277,casual,1914
State St & Harrison St,41.8741,-87.6277,member,5772
State St & Kinzie St,41.8892,-87.6278,casual,4026
State St & Kinzie St,41.8892,-87.6278,member,15634
State St & Pearson St,41.8974,-87.6287,casual,2053
State St & Pearson St,41.8974,-87.6287,member,8318
State St & Pershing Rd,41.823,-87.6266,casual,38
State St & Pershing Rd,41.823,-87.6266,member,178
State St & Randolph St,41.8847,-87.6277,casual,4306
State St & Randolph St,41.8847,-87.6277,member,15099
State St & Van Buren St,41.8772,-87.6278,casual,1958
State St & Van Buren St,41.8772,-87.6278,member,8214
Stave St & Armitage Ave,41.9177,-87.6914,casual,452
Stave St & Armitage Ave,41.9177,-87.6914,member,2146
Stetson Ave & South Water St,41.8868,-87.6223,casual,2570
Stetson Ave & South Water St,41.8868,-87.6223,member,8262
Stewart Ave & 63rd St (*),41.7798,-87.6348,casual,9
Stewart Ave & 63rd St (*),41.7798,-87.6348,member,41
Stockton Dr & Wrightwood Ave,41.9313,-87.6387,casual,3373
Stockton Dr & Wrightwood Ave,41.9313,-87.6387,member,8480
Stony Island Ave & 64th St,41.7789,-87.5866,casual,133
Stony Island Ave & 64th St,41.7789,-87.5866,member,95
Stony Island Ave & 67th St,41.7735,-87.5853,casual,152
Stony Island Ave & 67th St,41.7735,-87.5853,member,68
Stony Island Ave & 71st St,41.7665,-87.5865,casual,89
Stony Island Ave & 71st St,41.7665,-87.5865,member,181
Stony Island Ave & 75th St,41.7587,-87.5869,casual,67
Stony Island Ave & 75th St,41.7587,-87.5869,member,91
Stony Island Ave & 82nd St,41.7466,-87.586,casual,25
Stony Island Ave & 82nd St,41.7466,-87.586,member,39
Stony Island Ave & South Chicago Ave,41.7512,-87.5853,casual,16
Stony Island Ave & South Chicago Ave,41.7512,-87.5853,member,18
Streeter Dr & Grand Ave,41.8923,-87.612,casual,67499
Streeter Dr & Grand Ave,41.8923,-87.612,member,14300
Talman Ave & Addison St,41.9466,-87.6946,casual,405
Talman Ave & Addison St,41.9466,-87.6946,member,2303
Theater on the Lake,41.9263,-87.6308,casual,19179
Theater on the Lake,41.9263,-87.6308,member,17407
Throop (Loomis) St & Taylor St,41.869,-87.6591,casual,384
Throop (Loomis) St & Taylor St,41.869,-87.6591,member,3688
Throop St & 52nd St,41.7997,-87.6572,casual,23
Throop St & 52nd St,41.7997,-87.6572,member,18
Troy St & Elston Ave,41.9452,-87.7067,casual,420
Troy St & Elston Ave,41.9452,-87.7067,member,1552
Troy St & North Ave,41.9098,-87.7053,casual,498
Troy St & North Ave,41.9098,-87.7053,member,1145
Union Ave & Root St,41.8191,-87.6433,casual,114
Union Ave & Root St,41.8191,-87.6433,member,192
University Ave & 57th St,41.7915,-87.5999,casual,1557
University Ave & 57th St,41.7915,-87.5999,member,10811
University Library (NU),42.0529,-87.6734,casual,524
University Library (NU),42.0529,-87.6734,member,1939
Valli Produce - Evanston Plaza,42.0397,-87.6994,casual,152
Valli Produce - Evanston Plaza,42.0397,-87.6994,member,467
Vernon Ave & 75th St,41.7584,-87.6141,casual,78
Vernon Ave & 75th St,41.7584,-87.6141,member,97
Vernon Ave & 79th St,41.7509,-87.6138,casual,22
Vernon Ave & 79th St,41.7509,-87.6138,member,41
Wabash Ave & 16th St,41.8604,-87.6258,casual,1425
Wabash Ave & 16th St,41.8604,-87.6258,member,8856
Wabash Ave & 83rd St,41.7433,-87.6228,casual,14
Wabash Ave & 83rd St,41.7433,-87.6228,member,25
Wabash Ave & 87th St,41.7366,-87.6226,casual,62
Wabash Ave & 87th St,41.7366,-87.6226,member,76
Wabash Ave & 9th St,41.8708,-87.6257,casual,2605
Wabash Ave & 9th St,41.8708,-87.6257,member,10332
Wabash Ave & Adams St,41.8795,-87.6257,casual,2417
Wabash Ave & Adams St,41.8795,-87.6257,member,8822
Wabash Ave & Cermak Rd,41.8526,-87.6265,casual,844
Wabash Ave & Cermak Rd,41.8526,-87.6265,member,2448
Wabash Ave & Grand Ave,41.8915,-87.6268,casual,7560
Wabash Ave & Grand Ave,41.8915,-87.6268,member,17144
Wabash Ave & Roosevelt Rd,41.8672,-87.626,casual,3976
Wabash Ave & Roosevelt Rd,41.8672,-87.626,member,18143
Wabash Ave & Wacker Pl,41.8869,-87.626,casual,5075
Wabash Ave & Wacker Pl,41.8869,-87.626,member,7201
Wacker Dr & Washington St,41.8831,-87.6373,casual,1063
Wacker Dr & Washington St,41.8831,-87.6373,member,13465
Wallace St & 35th St,41.8306,-87.6413,casual,235
Wallace St & 35th St,41.8306,-87.6413,member,1029
Walsh Park,41.9146,-87.668,casual,1013
Walsh Park,41.9146,-87.668,member,2199
Warren Park East,42.0046,-87.6807,casual,194
Warren Park East,42.0046,-87.6807,member,681
Warren Park West,42.0018,-87.6888,casual,334
Warren Park West,42.0018,-87.6888,member,551
Washtenaw Ave & Lawrence Ave,41.969,-87.696,casual,270
Washtenaw Ave & Lawrence Ave,41.969,-87.696,member,1641
Washtenaw Ave & Ogden Ave,41.8619,-87.6935,casual,265
Washtenaw Ave & Ogden Ave,41.8619,-87.6935,member,619
Wells St & 19th St,41.8568,-87.6339,casual,848
Wells St & 19th St,41.8568,-87.6339,member,1404
Wells St & Concord Ln,41.9121,-87.6347,casual,4025
Wells St & Concord Ln,41.9121,-87.6347,member,18829
Wells St & Elm St,41.9032,-87.6343,casual,2259
Wells St & Elm St,41.9032,-87.6343,member,13024
Wells St & Evergreen Ave,41.9067,-87.6348,casual,3002
Wells St & Evergreen Ave,41.9067,-87.6348,member,11489
Wells St & Hubbard St,41.8899,-87.6343,casual,2822
Wells St & Hubbard St,41.8899,-87.6343,member,17791
Wells St & Huron St,41.8947,-87.6344,casual,2733
Wells St & Huron St,41.8947,-87.6344,member,19686
Wells St & Polk St,41.8726,-87.6335,casual,1228
Wells St & Polk St,41.8726,-87.6335,member,6901
Wells St & Walton St,41.8999,-87.6344,casual,875
Wells St & Walton St,41.8999,-87.6344,member,5174
Wentworth Ave & 24th St (Temp),41.8501,-87.6321,casual,397
Wentworth Ave & 24th St (Temp),41.8501,-87.6321,member,881
Wentworth Ave & 33rd St,41.8345,-87.6318,casual,262
Wentworth Ave & 33rd St,41.8345,-87.6318,member,1343
Wentworth Ave & 35th St,41.8308,-87.6325,casual,381
Wentworth Ave & 35th St,41.8308,-87.6325,member,1320
Wentworth Ave & 63rd St,41.7801,-87.6297,casual,36
Wentworth Ave & 63rd St,41.7801,-87.6297,member,75
Wentworth Ave & Cermak Rd (Temp),41.853,-87.6306,casual,1897
Wentworth Ave & Cermak Rd (Temp),41.853,-87.6306,member,2966
Western Ave & 21st St,41.8541,-87.6858,casual,194
Western Ave & 21st St,41.8541,-87.6858,member,1231
Western Ave & 24th St,41.8485,-87.6851,casual,105
Western Ave & 24th St,41.8485,-87.6851,member,495
Western Ave & 28th St,41.8415,-87.6851,casual,27
Western Ave & 28th St,41.8415,-87.6851,member,192
Western Ave & Congress Pkwy,41.8747,-87.6864,casual,409
Western Ave & Congress Pkwy,41.8747,-87.6864,member,1465
Western Ave & Division St,41.9029,-87.6873,casual,886
Western Ave & Division St,41.9029,-87.6873,member,3618
Western Ave & Fillmore St (*),41.8686,-87.6862,casual,256
Western Ave & Fillmore St (*),41.8686,-87.6862,member,2665
Western Ave & Granville Ave,41.9942,-87.6894,casual,241
Western Ave & Granville Ave,41.9942,-87.6894,member,711
Western Ave & Howard St,42.0189,-87.69,casual,178
Western Ave & Howard St,42.0189,-87.69,member,573
Western Ave & Leland Ave,41.9665,-87.6884,casual,750
Western Ave & Leland Ave,41.9665,-87.6884,member,4997
Western Ave & Lunt Ave,42.0086,-87.6905,casual,220
Western Ave & Lunt Ave,42.0086,-87.6905,member,1101
Western Ave & Monroe St,41.8798,-87.6861,casual,302
Western Ave & Monroe St,41.8798,-87.6861,member,1594
Western Ave & Roscoe St,41.943,-87.6873,casual,349
Western Ave & Roscoe St,41.943,-87.6873,member,2349
Western Ave & Walton St,41.8984,-87.6866,casual,899
Western Ave & Walton St,41.8984,-87.6866,member,5351
Western Ave & Winnebago Ave,41.9155,-87.687,casual,1465
Western Ave & Winnebago Ave,41.9155,-87.687,member,7236
Western Blvd & 48th Pl,41.8057,-87.6834,casual,74
Western Blvd & 48th Pl,41.8057,-87.6834,member,159
Wilton Ave & Belmont Ave,41.9402,-87.653,casual,3951
Wilton Ave & Belmont Ave,41.9402,-87.653,member,14921
Wilton Ave & Diversey Pkwy,41.9324,-87.6527,casual,2253
Wilton Ave & Diversey Pkwy,41.9324,-87.6527,member,13944
Winchester (Ravenswood) Ave & Balmoral Ave,41.9798,-87.6775,casual,270
Winchester (Ravenswood) Ave & Balmoral Ave,41.9798,-87.6775,member,1843
Winchester Ave & Elston Ave,41.9241,-87.6765,casual,636
Winchester Ave & Elston Ave,41.9241,-87.6765,member,2450
Winthrop Ave & Lawrence Ave,41.9688,-87.6577,casual,855
Winthrop Ave & Lawrence Ave,41.9688,-87.6577,member,3417
Wolcott (Ravenswood) Ave & Montrose Ave,41.9614,-87.6762,casual,417
Wolcott (Ravenswood) Ave & Montrose Ave,41.9614,-87.6762,member,2523
Wolcott Ave & Fargo Ave,42.017,-87.6777,casual,41
Wolcott Ave & Fargo Ave,42.017,-87.6777,member,223
Wolcott Ave & Polk St,41.8713,-87.6737,casual,464
Wolcott Ave & Polk St,41.8713,-87.6737,member,8558
Wood St & 35th St,41.8301,-87.6703,casual,89
Wood St & 35th St,41.8301,-87.6703,member,356
Wood St & Augusta Blvd,41.8992,-87.6722,casual,432
Wood St & Augusta Blvd,41.8992,-87.6722,member,4821
Wood St & Chicago Ave (*),41.8956,-87.6721,casual,730
Wood St & Chicago Ave (*),41.8956,-87.6721,member,4877
Wood St & Hubbard St,41.8899,-87.6715,casual,464
Wood St & Hubbard St,41.8899,-87.6715,member,3633
Wood St & Milwaukee Ave,41.9077,-87.6726,casual,2056
Wood St & Milwaukee Ave,41.9077,-87.6726,member,9097
Wood St & Taylor St,41.8692,-87.671,casual,285
Wood St & Taylor St,41.8692,-87.671,member,5421
Woodlawn Ave & 55th St,41.7953,-87.5965,casual,663
Woodlawn Ave & 55th St,41.7953,-87.5965,member,3531
Woodlawn Ave & 75th St,41.7592,-87.5958,casual,34
Woodlawn Ave & 75th St,41.7592,-87.5958,member,10
Woodlawn Ave & Lake Park Ave,41.8141,-87.597,casual,312
Woodlawn Ave & Lake Park Ave,41.8141,-87.597,member,1011
Yates Blvd & 75th St,41.7588,-87.5664,casual,53
Yates Blvd & 75th St,41.7588,-87.5664,member,67
